<?xml version="1.0" encoding="UTF-8"?>
<obj key="UiConfig" type="@Confirmations">
	<collection key="primitives.stringKeys" type="String">
		<prop type="String" value="conflictSolver.showConflictWarning"/>
		<prop type="String" value="git.switchBranch.confirmation"/>
		<prop type="String" value="remove.repositoryOrGroup"/>
	</collection>
	<prop key="primitives.strings.conflictSolver.showConflictWarning" type="String" value="0"/>
	<prop key="primitives.strings.git.switchBranch.confirmation" type="String" value="0"/>
	<prop key="primitives.strings.remove.repositoryOrGroup" type="String" value="0"/>
</obj>
