<?xml version="1.0" encoding="UTF-8"?>
<obj key="UiConfig" type="@NotificationSettings">
	<collection key="readNotifications" type="String">
		<prop type="String" value="update-check-infosmartgit-19.1-rc-null"/>
	</collection>
	<collection key="dontPublishNotifications" type="String">
		<prop type="String" value="gc.autoDetach-null"/>
		<prop type="String" value="linux.gtkversion-3.18.9-null"/>
		<prop type="String" value="repositories-no-favorites-null"/>
	</collection>
	<prop key="dontPublishUntil-gc.autoDetach-null" type="long" value="0"/>
	<prop key="dontPublishUntil-linux.gtkversion-3.18.9-null" type="long" value="0"/>
	<prop key="dontPublishUntil-repositories-no-favorites-null" type="long" value="0"/>
</obj>
