<?xml version="1.0" encoding="UTF-8"?>
<obj key="Projects" type="@Projects">
	<obj key="gitRootSettingsSet" type="@RootSettingsSet">
		<collection key="roots" type="String">
			<prop type="String" value="~/Desktop/GIT/snapdragon-high-2019-spf-1-0_amss_standard_oem"/>
		</collection>
		<obj key="root-/home/xp/Desktop/GIT/snapdragon-high-2019-spf-1-0_amss_standard_oem" type="@RootSettings">
			<obj key="databaseCleanup" type="_NULL_"/>
			<obj key="log" type="@LogSettings">
				<obj key="rootSettings" type="@LogRootSettings">
					<prop key="baseRoots" type="String" value="!remote://origin\tref://HEAD\tref://refs/heads/VSM_V630A_SDM6150_2019.SPF.1.0-0.0.022.0_DEV"/>
					<prop key="extendedRoots" type="String" value=""/>
				</obj>
				<obj key="fileFilterConfiguration" type="@FindObjectConfiguration">
					<prop key="enteredPattern" type="_NULL_" value=""/>
					<collection key="patterns" type="String"/>
					<prop key="regularExpressions" type="boolean" value="false"/>
				</obj>
			</obj>
			<obj key="merge" type="_NULL_"/>
			<obj key="pull" type="_NULL_"/>
			<obj key="push" type="_NULL_"/>
			<obj key="commitNotes" type="@CommitNotes">
				<prop key="commitNotes" type="_NULL_" value=""/>
				<collection key="commitNotesHistory" type="String"/>
			</obj>
			<obj key="journal" type="_NULL_"/>
		</obj>
	</obj>
	<obj key="hgRootSettingsSet" type="@HgRootSettingsSet">
		<collection key="roots" type="String"/>
	</obj>
	<obj key="pushMultiRoot" type="_NULL_"/>
</obj>
