<?xml version="1.0" encoding="UTF-8"?>
<obj key="Cache" type="@RepositoryDetailsCache">
	<collection key="roots" type="String">
		<prop type="String" value="/home/xp/Desktop/GIT/snapdragon-high-2019-spf-1-0_amss_standard_oem"/>
		<prop type="String" value="/home/xp/Desktop/REPO/amss/MPSS.AT.4.3"/>
		<prop type="String" value="/home/xp/Desktop/REPO/amss/SM6150.LA.1.0"/>
		<prop type="String" value="/home/xp/Desktop/REPO/amss/buildtools"/>
		<prop type="String" value="/home/xp/Desktop/REPO/amss/wingcust/K81926AA1"/>
		<prop type="String" value="/media/xp/01D4FBD3A7BCB360/GIT_BQ/snapdragon-high-2019-spf-1-0_amss_standard_oem"/>
	</collection>
	<obj key="root-/home/xp/Desktop/GIT/snapdragon-high-2019-spf-1-0_amss_standard_oem" type="@Details">
		<prop key="ahead" type="int" value="0"/>
		<prop key="behind" type="int" value="0"/>
		<prop key="branch" type="String" value="VSM_V630A_SDM6150_2019.SPF.1.0-0.0.022.0_DEV"/>
		<prop key="bare" type="boolean" value="false"/>
		<prop key="aheadBehindBranch" type="String" value="VSM_V630A_SDM6150_2019.SPF.1.0-0.0.022.0_DEV"/>
		<prop key="localModifications" type="boolean" value="true"/>
		<prop key="incomingRemoteCommits" type="boolean" value="false"/>
	</obj>
	<obj key="root-/home/xp/Desktop/REPO/amss/MPSS.AT.4.3" type="@Details">
		<prop key="ahead" type="int" value="0"/>
		<prop key="behind" type="int" value="0"/>
		<prop key="branch" type="_NULL_" value=""/>
		<prop key="bare" type="boolean" value="false"/>
		<prop key="aheadBehindBranch" type="_NULL_" value=""/>
		<prop key="localModifications" type="boolean" value="false"/>
		<prop key="incomingRemoteCommits" type="boolean" value="false"/>
	</obj>
	<obj key="root-/home/xp/Desktop/REPO/amss/SM6150.LA.1.0" type="@Details">
		<prop key="ahead" type="int" value="0"/>
		<prop key="behind" type="int" value="0"/>
		<prop key="branch" type="_NULL_" value=""/>
		<prop key="bare" type="boolean" value="false"/>
		<prop key="aheadBehindBranch" type="_NULL_" value=""/>
		<prop key="localModifications" type="boolean" value="false"/>
		<prop key="incomingRemoteCommits" type="boolean" value="false"/>
	</obj>
	<obj key="root-/home/xp/Desktop/REPO/amss/buildtools" type="@Details">
		<prop key="ahead" type="int" value="0"/>
		<prop key="behind" type="int" value="0"/>
		<prop key="branch" type="_NULL_" value=""/>
		<prop key="bare" type="boolean" value="false"/>
		<prop key="aheadBehindBranch" type="_NULL_" value=""/>
		<prop key="localModifications" type="boolean" value="false"/>
		<prop key="incomingRemoteCommits" type="boolean" value="false"/>
	</obj>
	<obj key="root-/home/xp/Desktop/REPO/amss/wingcust/K81926AA1" type="@Details">
		<prop key="ahead" type="int" value="0"/>
		<prop key="behind" type="int" value="0"/>
		<prop key="branch" type="_NULL_" value=""/>
		<prop key="bare" type="boolean" value="false"/>
		<prop key="aheadBehindBranch" type="_NULL_" value=""/>
		<prop key="localModifications" type="boolean" value="false"/>
		<prop key="incomingRemoteCommits" type="boolean" value="false"/>
	</obj>
	<obj key="root-/media/xp/01D4FBD3A7BCB360/GIT_BQ/snapdragon-high-2019-spf-1-0_amss_standard_oem" type="@Details">
		<prop key="ahead" type="int" value="0"/>
		<prop key="behind" type="int" value="0"/>
		<prop key="branch" type="_NULL_" value=""/>
		<prop key="bare" type="boolean" value="false"/>
		<prop key="aheadBehindBranch" type="_NULL_" value=""/>
		<prop key="localModifications" type="boolean" value="false"/>
		<prop key="incomingRemoteCommits" type="boolean" value="false"/>
	</obj>
</obj>
