<?xml version="1.0" encoding="UTF-8"?>
<obj key="Tools" type="@Tools">
	<collection key="tools" type="Object">
		<obj type="@Editor">
			<prop key="name" type="String" value="Open File"/>
			<prop key="keystroke" type="_NULL_" value=""/>
			<obj key="fileStarter" type="@FileStarter">
				<prop key="command" type="String" value="xdg-open"/>
				<prop key="parameters" type="String" value="${filePath}"/>
			</obj>
			<prop key="useForOpen" type="boolean" value="true"/>
			<prop key="waitUntilFinished" type="boolean" value="false"/>
			<prop key="filePattern" type="String" value="*"/>
			<prop key="forFilesNotDirectories" type="boolean" value="true"/>
			<prop key="forRefsNotShas" type="_NULL_" value=""/>
			<prop key="requiresConfirmation" type="boolean" value="false"/>
			<prop key="confirmationMessage" type="_NULL_" value=""/>
		</obj>
		<obj type="@Editor">
			<prop key="name" type="String" value="Reveal in Nautilus"/>
			<prop key="keystroke" type="_NULL_" value=""/>
			<obj key="fileStarter" type="@FileStarter">
				<prop key="command" type="String" value="/usr/bin/nautilus"/>
				<prop key="parameters" type="String" value="${fileUri}"/>
			</obj>
			<prop key="useForOpen" type="boolean" value="true"/>
			<prop key="waitUntilFinished" type="boolean" value="false"/>
			<prop key="filePattern" type="String" value="*"/>
			<prop key="forFilesNotDirectories" type="_NULL_" value=""/>
			<prop key="forRefsNotShas" type="_NULL_" value=""/>
			<prop key="requiresConfirmation" type="boolean" value="false"/>
			<prop key="confirmationMessage" type="_NULL_" value=""/>
		</obj>
		<obj type="@Editor">
			<prop key="name" type="String" value="Open Terminal"/>
			<prop key="keystroke" type="_NULL_" value=""/>
			<obj key="fileStarter" type="@FileStarter">
				<prop key="command" type="String" value="/usr/bin/gnome-terminal"/>
				<prop key="parameters" type="String" value="--working-directory ${filePath}"/>
			</obj>
			<prop key="useForOpen" type="boolean" value="true"/>
			<prop key="waitUntilFinished" type="boolean" value="false"/>
			<prop key="filePattern" type="String" value="*"/>
			<prop key="forFilesNotDirectories" type="boolean" value="false"/>
			<prop key="forRefsNotShas" type="_NULL_" value=""/>
			<prop key="requiresConfirmation" type="boolean" value="false"/>
			<prop key="confirmationMessage" type="_NULL_" value=""/>
		</obj>
		<obj type="@Editor">
			<prop key="name" type="String" value="Format Patch"/>
			<prop key="keystroke" type="_NULL_" value=""/>
			<obj key="fileStarter" type="@FileStarter">
				<prop key="command" type="String" value="${smartGitDir}/lib/format-patch.sh"/>
				<prop key="parameters" type="String" value="${dirSelect} ${commit} ${commit2}"/>
			</obj>
			<prop key="useForOpen" type="boolean" value="false"/>
			<prop key="waitUntilFinished" type="boolean" value="true"/>
			<prop key="filePattern" type="String" value="*"/>
			<prop key="forFilesNotDirectories" type="_NULL_" value=""/>
			<prop key="forRefsNotShas" type="_NULL_" value=""/>
			<prop key="requiresConfirmation" type="boolean" value="false"/>
			<prop key="confirmationMessage" type="_NULL_" value=""/>
		</obj>
		<obj type="@Editor">
			<prop key="name" type="String" value="Apply Patch"/>
			<prop key="keystroke" type="_NULL_" value=""/>
			<obj key="fileStarter" type="@FileStarter">
				<prop key="command" type="String" value="${git}"/>
				<prop key="parameters" type="String" value="apply ${fileOpen}"/>
			</obj>
			<prop key="useForOpen" type="boolean" value="false"/>
			<prop key="waitUntilFinished" type="boolean" value="true"/>
			<prop key="filePattern" type="String" value="*"/>
			<prop key="forFilesNotDirectories" type="_NULL_" value=""/>
			<prop key="forRefsNotShas" type="_NULL_" value=""/>
			<prop key="requiresConfirmation" type="boolean" value="false"/>
			<prop key="confirmationMessage" type="_NULL_" value=""/>
		</obj>
		<obj type="@Editor">
			<prop key="name" type="String" value="Verify Database"/>
			<prop key="keystroke" type="_NULL_" value=""/>
			<obj key="fileStarter" type="@FileStarter">
				<prop key="command" type="String" value="${git}"/>
				<prop key="parameters" type="String" value="fsck --full --no-progress"/>
			</obj>
			<prop key="useForOpen" type="boolean" value="false"/>
			<prop key="waitUntilFinished" type="boolean" value="true"/>
			<prop key="filePattern" type="String" value="*"/>
			<prop key="forFilesNotDirectories" type="_NULL_" value=""/>
			<prop key="forRefsNotShas" type="_NULL_" value=""/>
			<prop key="requiresConfirmation" type="boolean" value="false"/>
			<prop key="confirmationMessage" type="_NULL_" value=""/>
		</obj>
		<obj type="@Editor">
			<prop key="name" type="String" value="Fast-Forward Merge"/>
			<prop key="keystroke" type="_NULL_" value=""/>
			<obj key="fileStarter" type="@FileStarter">
				<prop key="command" type="String" value="${smartGitDir}/lib/ff-merge.sh"/>
				<prop key="parameters" type="String" value="${commit}"/>
			</obj>
			<prop key="useForOpen" type="boolean" value="false"/>
			<prop key="waitUntilFinished" type="boolean" value="true"/>
			<prop key="filePattern" type="String" value="*"/>
			<prop key="forFilesNotDirectories" type="_NULL_" value=""/>
			<prop key="forRefsNotShas" type="boolean" value="true"/>
			<prop key="requiresConfirmation" type="boolean" value="false"/>
			<prop key="confirmationMessage" type="String" value="Do you want to fast forward &apos;${commit}&apos; to its tracking branch?"/>
		</obj>
		<obj type="@Editor">
			<prop key="name" type="String" value="Merge Directly To"/>
			<prop key="keystroke" type="_NULL_" value=""/>
			<obj key="fileStarter" type="@FileStarter">
				<prop key="command" type="String" value="/usr/bin/python3"/>
				<prop key="parameters" type="String" value="&quot;${smartGitDir}/lib/git-forward-merge.sh&quot; ${commit} ${commit2}"/>
			</obj>
			<prop key="useForOpen" type="boolean" value="false"/>
			<prop key="waitUntilFinished" type="boolean" value="true"/>
			<prop key="filePattern" type="String" value="*"/>
			<prop key="forFilesNotDirectories" type="_NULL_" value=""/>
			<prop key="forRefsNotShas" type="boolean" value="true"/>
			<prop key="requiresConfirmation" type="boolean" value="true"/>
			<prop key="confirmationMessage" type="String" value="Do you want to merge changes to ${commit2} *without* checking out?"/>
		</obj>
		<obj type="@Editor">
			<prop key="name" type="String" value="Git Version"/>
			<prop key="keystroke" type="_NULL_" value=""/>
			<obj key="fileStarter" type="@FileStarter">
				<prop key="command" type="String" value="${git}"/>
				<prop key="parameters" type="String" value="--version"/>
			</obj>
			<prop key="useForOpen" type="boolean" value="false"/>
			<prop key="waitUntilFinished" type="boolean" value="true"/>
			<prop key="filePattern" type="String" value="*"/>
			<prop key="forFilesNotDirectories" type="_NULL_" value=""/>
			<prop key="forRefsNotShas" type="_NULL_" value=""/>
			<prop key="requiresConfirmation" type="boolean" value="false"/>
			<prop key="confirmationMessage" type="_NULL_" value=""/>
		</obj>
		<obj type="@Editor">
			<prop key="name" type="String" value="Git-LFS Version"/>
			<prop key="keystroke" type="_NULL_" value=""/>
			<obj key="fileStarter" type="@FileStarter">
				<prop key="command" type="String" value="${git}"/>
				<prop key="parameters" type="String" value="lfs --version"/>
			</obj>
			<prop key="useForOpen" type="boolean" value="false"/>
			<prop key="waitUntilFinished" type="boolean" value="true"/>
			<prop key="filePattern" type="String" value="*"/>
			<prop key="forFilesNotDirectories" type="_NULL_" value=""/>
			<prop key="forRefsNotShas" type="_NULL_" value=""/>
			<prop key="requiresConfirmation" type="boolean" value="false"/>
			<prop key="confirmationMessage" type="_NULL_" value=""/>
		</obj>
		<obj type="@Editor">
			<prop key="name" type="String" value="Git Config"/>
			<prop key="keystroke" type="_NULL_" value=""/>
			<obj key="fileStarter" type="@FileStarter">
				<prop key="command" type="String" value="${git}"/>
				<prop key="parameters" type="String" value="config --list --show-origin"/>
			</obj>
			<prop key="useForOpen" type="boolean" value="false"/>
			<prop key="waitUntilFinished" type="boolean" value="true"/>
			<prop key="filePattern" type="String" value="*"/>
			<prop key="forFilesNotDirectories" type="_NULL_" value=""/>
			<prop key="forRefsNotShas" type="_NULL_" value=""/>
			<prop key="requiresConfirmation" type="boolean" value="false"/>
			<prop key="confirmationMessage" type="_NULL_" value=""/>
		</obj>
	</collection>
	<prop key="defaultsVersion" type="int" value="2"/>
</obj>
