<?xml version="1.0" encoding="UTF-8"?>
<obj key="UiConfig" type="@UiSettings">
	<collection key="bounds.keys" type="String">
		<prop type="String" value="compare"/>
		<prop type="String" value="conflictSolver"/>
		<prop type="String" value="git.discard"/>
		<prop type="String" value="log"/>
		<prop type="String" value="output"/>
		<prop type="String" value="welcome"/>
	</collection>
	<obj key="bounds.value.compare" type="@Bounds">
		<prop key="x" type="int" value="2043"/>
		<prop key="y" type="int" value="198"/>
		<prop key="width" type="int" value="1391"/>
		<prop key="height" type="int" value="880"/>
		<prop key="maximized" type="int" value="1"/>
		<prop key="scaling" type="int" value="1"/>
	</obj>
	<obj key="bounds.value.conflictSolver" type="@Bounds">
		<prop key="x" type="int" value="1731"/>
		<prop key="y" type="int" value="227"/>
		<prop key="width" type="int" value="1391"/>
		<prop key="height" type="int" value="880"/>
		<prop key="maximized" type="int" value="1"/>
		<prop key="scaling" type="int" value="1"/>
	</obj>
	<obj key="bounds.value.git.discard" type="@Bounds">
		<prop key="x" type="int" value="0"/>
		<prop key="y" type="int" value="-1"/>
		<prop key="width" type="int" value="500"/>
		<prop key="height" type="int" value="309"/>
		<prop key="maximized" type="int" value="0"/>
		<prop key="scaling" type="int" value="1"/>
	</obj>
	<obj key="bounds.value.log" type="@Bounds">
		<prop key="x" type="int" value="2238"/>
		<prop key="y" type="int" value="77"/>
		<prop key="width" type="int" value="1385"/>
		<prop key="height" type="int" value="795"/>
		<prop key="maximized" type="int" value="1"/>
		<prop key="scaling" type="int" value="1"/>
	</obj>
	<obj key="bounds.value.output" type="@Bounds">
		<prop key="x" type="int" value="-75"/>
		<prop key="y" type="int" value="-7"/>
		<prop key="width" type="int" value="1427"/>
		<prop key="height" type="int" value="664"/>
		<prop key="maximized" type="int" value="0"/>
		<prop key="scaling" type="int" value="1"/>
	</obj>
	<obj key="bounds.value.welcome" type="@Bounds">
		<prop key="x" type="int" value="-2147483648"/>
		<prop key="y" type="int" value="-2147483648"/>
		<prop key="width" type="int" value="-2147483648"/>
		<prop key="height" type="int" value="-2147483648"/>
		<prop key="maximized" type="int" value="0"/>
		<prop key="scaling" type="int" value="1"/>
	</obj>
	<obj key="conflictSolverFrame" type="@MergeFrameSettings">
		<prop key="sLayout" type="String" value="left-merge-right"/>
	</obj>
	<obj key="indexEditorFrame" type="_NULL_"/>
	<prop key="gitAnnotateLayout" type="_NULL_" value=""/>
	<prop key="hgAnnotateLayout" type="_NULL_" value=""/>
	<prop key="gitProjectLayout.main" type="_NULL_" value=""/>
	<prop key="gitProjectLayout.review" type="_NULL_" value=""/>
	<prop key="gitProjectLayout.mainIsDefault" type="boolean" value="true"/>
	<prop key="gitLogRootLayout.main" type="String" value="(([+423x475:repositories ][+423x476:branches ])(([+859x634:graph ]([+567x210:details -2x1:message -1x1:output details ][+567x421:files +567x421:comments files ]))[+1429x317:changes ]))"/>
	<prop key="gitLogRootLayout.review" type="String" value="(([+265x475:repositories ][+265x476:branches ])(([+1056x408:graph ]([+528x135:details -2x1:message -1x1:output details ][+528x270:files +528x270:comments files ]))[+1587x543:changes ]))"/>
	<prop key="gitLogRootLayout.mainIsDefault" type="boolean" value="true"/>
	<prop key="gitLogSubtreeLayout.main" type="_NULL_" value=""/>
	<prop key="gitLogSubtreeLayout.review" type="_NULL_" value=""/>
	<prop key="gitLogSubtreeLayout.mainIsDefault" type="boolean" value="true"/>
	<prop key="hgProjectLayout.main" type="_NULL_" value=""/>
	<prop key="hgProjectLayout.review" type="_NULL_" value=""/>
	<prop key="hgProjectLayout.mainIsDefault" type="boolean" value="true"/>
	<prop key="hgLogLayout.main" type="_NULL_" value=""/>
	<prop key="hgLogLayout.review" type="_NULL_" value=""/>
	<prop key="hgLogLayout.mainIsDefault" type="boolean" value="true"/>
	<collection key="primitives.stringKeys" type="String">
		<prop type="String" value="lastClonedUrls.count"/>
		<prop type="String" value="lastRepositoryPath"/>
	</collection>
	<prop key="primitives.strings.lastClonedUrls.count" type="String" value="0"/>
	<prop key="primitives.strings.lastRepositoryPath" type="String" value="/home/xp/Desktop/GIT/snapdragon-high-2019-spf-1-0_amss_standard_oem"/>
	<collection key="columns.keys" type="String">
		<prop type="String" value="git.log.files"/>
		<prop type="String" value="log.comments"/>
	</collection>
	<obj key="columns.value.git.log.files" type="@QColumnSettings">
		<prop key="columnNames" type="String" value="Name\tModification\tRelative Directory\tRenamed Path\tRelative Path\tExt."/>
		<prop key="visibleColumnNames" type="String" value="Modification\tName\tRelative Directory\tRelative Path\tRenamed Path"/>
		<collection key="sortOrders" type="Object">
			<obj type="@TableColumnSortOrder">
				<prop key="id" type="String" value="Modification"/>
				<prop key="reverse" type="boolean" value="false"/>
			</obj>
			<obj type="@TableColumnSortOrder">
				<prop key="id" type="String" value="Relative Directory"/>
				<prop key="reverse" type="boolean" value="false"/>
			</obj>
			<obj type="@TableColumnSortOrder">
				<prop key="id" type="String" value="Name"/>
				<prop key="reverse" type="boolean" value="true"/>
			</obj>
		</collection>
		<collection key="columnWidths" type="Object">
			<obj type="@ColumnWidth">
				<prop key="id" type="String" value="Name"/>
				<prop key="width" type="int" value="269"/>
				<prop key="width2x" type="int" value="0"/>
			</obj>
			<obj type="@ColumnWidth">
				<prop key="id" type="String" value="Modification"/>
				<prop key="width" type="int" value="156"/>
				<prop key="width2x" type="int" value="0"/>
			</obj>
			<obj type="@ColumnWidth">
				<prop key="id" type="String" value="Relative Directory"/>
				<prop key="width" type="int" value="200"/>
				<prop key="width2x" type="int" value="0"/>
			</obj>
			<obj type="@ColumnWidth">
				<prop key="id" type="String" value="Renamed Path"/>
				<prop key="width" type="int" value="150"/>
				<prop key="width2x" type="int" value="0"/>
			</obj>
			<obj type="@ColumnWidth">
				<prop key="id" type="String" value="Relative Path"/>
				<prop key="width" type="int" value="500"/>
				<prop key="width2x" type="int" value="0"/>
			</obj>
		</collection>
	</obj>
	<obj key="columns.value.log.comments" type="@QColumnSettings">
		<prop key="columnNames" type="String" value="Author\tText\tPath\tDate\tAssignee\tCommit"/>
		<prop key="visibleColumnNames" type="String" value="Assignee\tAuthor\tDate\tPath\tText"/>
		<collection key="sortOrders" type="Object">
			<obj type="@TableColumnSortOrder">
				<prop key="id" type="String" value="Assignee"/>
				<prop key="reverse" type="boolean" value="false"/>
			</obj>
			<obj type="@TableColumnSortOrder">
				<prop key="id" type="String" value="Date"/>
				<prop key="reverse" type="boolean" value="false"/>
			</obj>
		</collection>
		<collection key="columnWidths" type="Object">
			<obj type="@ColumnWidth">
				<prop key="id" type="String" value="Author"/>
				<prop key="width" type="int" value="62"/>
				<prop key="width2x" type="int" value="0"/>
			</obj>
			<obj type="@ColumnWidth">
				<prop key="id" type="String" value="Text"/>
				<prop key="width" type="int" value="42"/>
				<prop key="width2x" type="int" value="0"/>
			</obj>
			<obj type="@ColumnWidth">
				<prop key="id" type="String" value="Path"/>
				<prop key="width" type="int" value="45"/>
				<prop key="width2x" type="int" value="0"/>
			</obj>
			<obj type="@ColumnWidth">
				<prop key="id" type="String" value="Date"/>
				<prop key="width" type="int" value="46"/>
				<prop key="width2x" type="int" value="0"/>
			</obj>
			<obj type="@ColumnWidth">
				<prop key="id" type="String" value="Assignee"/>
				<prop key="width" type="int" value="93"/>
				<prop key="width2x" type="int" value="0"/>
			</obj>
		</collection>
	</obj>
	<obj key="gitViewFileFilter" type="_NULL_"/>
	<obj key="hgViewFileFilter" type="_NULL_"/>
	<obj key="deepGitUiConfiguration" type="_NULL_"/>
</obj>
